Model,RMSE,MAE,R2
XGBoost,0.8378268461271859,0.6662142103624442,0.31492173470316254
Random Forest,0.8487508177277585,0.671434264315944,0.2969405396580138
SVR,0.8929880418308364,0.710239030121955,0.22174318663696424
DNN,0.9878500562680137,0.7892851448494501,0.04761246447951384
Linear Regression,1.0527354352330696,0.8432601998436519,-0.08160859129758213
