Model,n_windows,RMSE_mean,RMSE_std,MAE_mean,MAE_std,R2_mean,R2_std
Random Forest,5,0.675850419434659,0.09937912519973606,0.527124259133805,0.08051643475793514,0.40604948709448224,0.059297548395246306
XGBoost,5,0.6776774278369765,0.09708184191032472,0.5286307615611887,0.07769980846596682,0.4025371337469713,0.056618648459734806
DNN,5,0.7071185208174002,0.09892723586764196,0.5530162495854691,0.07793144899239915,0.3493683940575926,0.056152614852806974
SVR,5,0.742576569566498,0.08705855539170342,0.5840932550197487,0.06959881320248472,0.2807102311300068,0.04312024736965878
Linear Regression,5,0.8066185140204476,0.09242438837624721,0.6369741304980459,0.07696954474416697,0.1509362555022255,0.050312550559512684
