waterSystemCd,1st period,2nd period
080000,0.169773026,0.679812709
120000,0.153961764,0.101850733
140000,0.539287192,0.449742476
830301,0.151272854,0.220362387
830302,0.12087782,0.147843644
830303,0.135496893,0.239129988
830304,0.301572262,0.331868263
830305,0.201467812,0.264077761
830307,0.021630841,0.100941348
830308,0.100386332,0.218310777